-- MySQL dump 10.13  Distrib 8.0.22, for Win64 (x86_64)
--
-- Host: localhost    Database: eventlog_rtis
-- ------------------------------------------------------
-- Server version	8.0.22

/*!40101 SET @OLD_CHARACTER_SET_CLIENT=@@CHARACTER_SET_CLIENT */;
/*!40101 SET @OLD_CHARACTER_SET_RESULTS=@@CHARACTER_SET_RESULTS */;
/*!40101 SET @OLD_COLLATION_CONNECTION=@@COLLATION_CONNECTION */;
/*!50503 SET NAMES utf8 */;
/*!40103 SET @OLD_TIME_ZONE=@@TIME_ZONE */;
/*!40103 SET TIME_ZONE='+00:00' */;
/*!40014 SET @OLD_UNIQUE_CHECKS=@@UNIQUE_CHECKS, UNIQUE_CHECKS=0 */;
/*!40014 SET @OLD_FOREIGN_KEY_CHECKS=@@FOREIGN_KEY_CHECKS, FOREIGN_KEY_CHECKS=0 */;
/*!40101 SET @OLD_SQL_MODE=@@SQL_MODE, SQL_MODE='NO_AUTO_VALUE_ON_ZERO' */;
/*!40111 SET @OLD_SQL_NOTES=@@SQL_NOTES, SQL_NOTES=0 */;

--
-- Table structure for table `activity`
--

DROP TABLE IF EXISTS `activity`;
/*!40101 SET @saved_cs_client     = @@character_set_client */;
/*!50503 SET character_set_client = utf8mb4 */;
CREATE TABLE `activity` (
  `Name` varchar(250) NOT NULL,
  `ProcessModel` varchar(45) NOT NULL,
  PRIMARY KEY (`Name`),
  KEY `ProcessModel_idx` (`ProcessModel`),
  CONSTRAINT `ProcessModelAct` FOREIGN KEY (`ProcessModel`) REFERENCES `process` (`Name`)
) ENGINE=InnoDB DEFAULT CHARSET=utf8mb4 COLLATE=utf8mb4_0900_ai_ci;
/*!40101 SET character_set_client = @saved_cs_client */;

--
-- Dumping data for table `activity`
--

LOCK TABLES `activity` WRITE;
/*!40000 ALTER TABLE `activity` DISABLE KEYS */;
INSERT INTO `activity` VALUES ('check_bounds','sensor_controlflow'),('check_pendulum_channel','sensor_controlflow'),('denoise_data','sensor_controlflow'),('halt_sensor_execution','sensor_controlflow'),('retrieve_state_data','sensor_controlflow'),('send_pendulum_state','sensor_controlflow'),('start_preprocessing','sensor_controlflow'),('store_channel_state','sensor_controlflow');
/*!40000 ALTER TABLE `activity` ENABLE KEYS */;
UNLOCK TABLES;

--
-- Table structure for table `activityinstance`
--

DROP TABLE IF EXISTS `activityinstance`;
/*!40101 SET @saved_cs_client     = @@character_set_client */;
/*!50503 SET character_set_client = utf8mb4 */;
CREATE TABLE `activityinstance` (
  `ID` int NOT NULL AUTO_INCREMENT,
  `CaseID` int DEFAULT NULL,
  `Act` varchar(45) NOT NULL,
  `ATrace` int DEFAULT NULL,
  PRIMARY KEY (`ID`),
  KEY `case_fk_idx` (`CaseID`),
  KEY `act_fk_idx` (`Act`),
  KEY `at_fk_idx` (`ATrace`),
  CONSTRAINT `act_fk` FOREIGN KEY (`Act`) REFERENCES `activity` (`Name`),
  CONSTRAINT `at_fk` FOREIGN KEY (`ATrace`) REFERENCES `anomaloustrace` (`ID`),
  CONSTRAINT `case_fk` FOREIGN KEY (`CaseID`) REFERENCES `processinstance` (`CaseID`)
) ENGINE=InnoDB AUTO_INCREMENT=202888 DEFAULT CHARSET=utf8mb4 COLLATE=utf8mb4_0900_ai_ci;
/*!40101 SET character_set_client = @saved_cs_client */;

--
-- Dumping data for table `activityinstance`
--

LOCK TABLES `activityinstance` WRITE;
/*!40000 ALTER TABLE `activityinstance` DISABLE KEYS */;
INSERT INTO `activityinstance` VALUES (202636,0,'retrieve_state_data',7942),(202637,0,'start_preprocessing',7942),(202638,0,'denoise_data',7942),(202639,0,'check_bounds',7942),(202640,0,'send_pendulum_state',7942),(202641,1,'retrieve_state_data',7943),(202642,1,'start_preprocessing',7943),(202643,1,'denoise_data',7943),(202644,1,'check_bounds',7943),(202645,1,'send_pendulum_state',7943),(202646,2,'retrieve_state_data',7944),(202647,2,'start_preprocessing',7944),(202648,2,'denoise_data',7944),(202649,2,'check_bounds',7944),(202650,2,'send_pendulum_state',7944),(202651,3,'retrieve_state_data',7945),(202652,3,'start_preprocessing',7945),(202653,3,'denoise_data',7945),(202654,3,'check_bounds',7945),(202655,3,'send_pendulum_state',7945),(202656,4,'check_pendulum_channel',7946),(202657,4,'store_channel_state',7946),(202658,4,'retrieve_state_data',7946),(202659,4,'start_preprocessing',7946),(202660,4,'denoise_data',7946),(202661,4,'check_bounds',7946),(202662,4,'send_pendulum_state',7946),(202663,5,'retrieve_state_data',7947),(202664,5,'start_preprocessing',7947),(202665,5,'denoise_data',7947),(202666,5,'check_bounds',7947),(202667,5,'send_pendulum_state',7947),(202668,6,'retrieve_state_data',7948),(202669,6,'start_preprocessing',7948),(202670,6,'denoise_data',7948),(202671,6,'check_bounds',7948),(202672,6,'send_pendulum_state',7948),(202673,7,'retrieve_state_data',7949),(202674,7,'start_preprocessing',7949),(202675,7,'denoise_data',7949),(202676,7,'check_bounds',7949),(202677,7,'send_pendulum_state',7949),(202678,8,'check_pendulum_channel',7950),(202679,8,'store_channel_state',7950),(202680,8,'retrieve_state_data',7950),(202681,8,'start_preprocessing',7950),(202682,8,'denoise_data',7950),(202683,8,'check_bounds',7950),(202684,8,'send_pendulum_state',7950),(202685,9,'retrieve_state_data',7951),(202686,9,'start_preprocessing',7951),(202687,9,'denoise_data',7951),(202688,9,'check_bounds',7951),(202689,9,'send_pendulum_state',7951),(202690,10,'check_pendulum_channel',7952),(202691,10,'store_channel_state',7952),(202692,10,'retrieve_state_data',7952),(202693,10,'start_preprocessing',7952),(202694,10,'denoise_data',7952),(202695,10,'check_bounds',7952),(202696,10,'send_pendulum_state',7952),(202697,11,'retrieve_state_data',7953),(202698,11,'start_preprocessing',7953),(202699,11,'denoise_data',7953),(202700,11,'check_bounds',7953),(202701,11,'send_pendulum_state',7953),(202702,12,'check_pendulum_channel',7954),(202703,12,'store_channel_state',7954),(202704,12,'retrieve_state_data',7954),(202705,12,'start_preprocessing',7954),(202706,12,'denoise_data',7954),(202707,12,'check_bounds',7954),(202708,12,'send_pendulum_state',7954),(202709,13,'retrieve_state_data',7955),(202710,13,'start_preprocessing',7955),(202711,13,'denoise_data',7955),(202712,13,'check_bounds',7955),(202713,13,'send_pendulum_state',7955),(202714,14,'retrieve_state_data',7956),(202715,14,'start_preprocessing',7956),(202716,14,'denoise_data',7956),(202717,14,'check_bounds',7956),(202718,14,'send_pendulum_state',7956),(202719,15,'retrieve_state_data',7957),(202720,15,'start_preprocessing',7957),(202721,15,'denoise_data',7957),(202722,15,'check_bounds',7957),(202723,15,'send_pendulum_state',7957),(202724,16,'check_pendulum_channel',7958),(202725,16,'store_channel_state',7958),(202726,16,'retrieve_state_data',7958),(202727,16,'start_preprocessing',7958),(202728,16,'denoise_data',7958),(202729,16,'check_bounds',7958),(202730,16,'send_pendulum_state',7958),(202731,17,'retrieve_state_data',7959),(202732,17,'start_preprocessing',7959),(202733,17,'denoise_data',7959),(202734,17,'check_bounds',7959),(202735,17,'send_pendulum_state',7959),(202736,18,'retrieve_state_data',7960),(202737,18,'start_preprocessing',7960),(202738,18,'denoise_data',7960),(202739,18,'check_bounds',7960),(202740,18,'send_pendulum_state',7960),(202741,19,'check_pendulum_channel',7961),(202742,19,'store_channel_state',7961),(202743,19,'check_pendulum_channel',7961),(202744,19,'store_channel_state',7961),(202745,19,'retrieve_state_data',7961),(202746,19,'start_preprocessing',7961),(202747,19,'denoise_data',7961),(202748,19,'check_bounds',7961),(202749,19,'send_pendulum_state',7961),(202750,20,'check_pendulum_channel',7962),(202751,20,'store_channel_state',7962),(202752,20,'retrieve_state_data',7962),(202753,20,'start_preprocessing',7962),(202754,20,'denoise_data',7962),(202755,20,'check_bounds',7962),(202756,20,'send_pendulum_state',7962),(202757,21,'check_pendulum_channel',7963),(202758,21,'store_channel_state',7963),(202759,21,'retrieve_state_data',7963),(202760,21,'start_preprocessing',7963),(202761,21,'denoise_data',7963),(202762,21,'check_bounds',7963),(202763,21,'send_pendulum_state',7963),(202764,22,'retrieve_state_data',7964),(202765,22,'start_preprocessing',7964),(202766,22,'denoise_data',7964),(202767,22,'check_bounds',7964),(202768,22,'send_pendulum_state',7964),(202769,23,'check_pendulum_channel',7965),(202770,23,'store_channel_state',7965),(202771,23,'check_pendulum_channel',7965),(202772,23,'store_channel_state',7965),(202773,23,'retrieve_state_data',7965),(202774,23,'start_preprocessing',7965),(202775,23,'denoise_data',7965),(202776,23,'check_bounds',7965),(202777,23,'send_pendulum_state',7965),(202778,24,'retrieve_state_data',NULL),(202779,24,'start_preprocessing',NULL),(202780,24,'denoise_data',NULL),(202781,25,'retrieve_state_data',7966),(202782,25,'start_preprocessing',7966),(202783,25,'denoise_data',7966),(202784,25,'check_bounds',7966),(202785,25,'send_pendulum_state',7966),(202786,26,'check_pendulum_channel',7967),(202787,26,'store_channel_state',7967),(202788,26,'retrieve_state_data',7967),(202789,26,'start_preprocessing',7967),(202790,26,'denoise_data',7967),(202791,26,'check_bounds',7967),(202792,26,'send_pendulum_state',7967),(202793,27,'retrieve_state_data',7968),(202794,27,'start_preprocessing',7968),(202795,27,'denoise_data',7968),(202796,27,'check_bounds',7968),(202797,27,'send_pendulum_state',7968),(202798,28,'check_pendulum_channel',7969),(202799,28,'store_channel_state',7969),(202800,28,'retrieve_state_data',7969),(202801,28,'start_preprocessing',7969),(202802,28,'denoise_data',7969),(202803,28,'check_bounds',7969),(202804,28,'send_pendulum_state',7969),(202805,29,'check_pendulum_channel',7970),(202806,29,'store_channel_state',7970),(202807,29,'retrieve_state_data',7970),(202808,29,'start_preprocessing',7970),(202809,29,'denoise_data',7970),(202810,29,'check_bounds',7970),(202811,29,'send_pendulum_state',7970),(202812,30,'retrieve_state_data',8008),(202813,30,'start_preprocessing',8008),(202814,30,'denoise_data',8008),(202815,30,'check_bounds',8008),(202816,30,'send_pendulum_state',8008),(202817,31,'retrieve_state_data',7972),(202818,31,'start_preprocessing',7972),(202819,31,'denoise_data',7972),(202820,31,'check_bounds',7972),(202821,31,'send_pendulum_state',7972),(202822,32,'check_pendulum_channel',7973),(202823,32,'store_channel_state',7973),(202824,32,'retrieve_state_data',7973),(202825,32,'start_preprocessing',7973),(202826,32,'denoise_data',7973),(202827,32,'check_bounds',7973),(202828,32,'send_pendulum_state',7973),(202829,33,'check_pendulum_channel',7974),(202830,33,'store_channel_state',7974),(202831,33,'retrieve_state_data',7974),(202832,33,'start_preprocessing',7974),(202833,33,'denoise_data',7974),(202834,33,'check_bounds',7974),(202835,33,'send_pendulum_state',7974),(202836,34,'retrieve_state_data',7975),(202837,34,'start_preprocessing',7975),(202838,34,'denoise_data',7975),(202839,34,'check_bounds',7975),(202840,34,'send_pendulum_state',7975),(202841,35,'retrieve_state_data',7976),(202842,35,'start_preprocessing',7976),(202843,35,'denoise_data',7976),(202844,35,'check_bounds',7976),(202845,35,'send_pendulum_state',7976),(202846,36,'check_pendulum_channel',7977),(202847,36,'store_channel_state',7977),(202848,36,'retrieve_state_data',7977),(202849,36,'start_preprocessing',7977),(202850,36,'denoise_data',7977),(202851,36,'check_bounds',7977),(202852,36,'send_pendulum_state',7977),(202853,37,'retrieve_state_data',7978),(202854,37,'start_preprocessing',7978),(202855,37,'denoise_data',7978),(202856,37,'check_bounds',7978),(202857,37,'send_pendulum_state',7978),(202858,38,'retrieve_state_data',7979),(202859,38,'start_preprocessing',7979),(202860,38,'denoise_data',7979),(202861,38,'check_bounds',7979),(202862,38,'send_pendulum_state',7979),(202863,39,'check_pendulum_channel',7980),(202864,39,'store_channel_state',7980),(202865,39,'check_pendulum_channel',7980),(202866,39,'store_channel_state',7980),(202867,39,'retrieve_state_data',7980),(202868,39,'start_preprocessing',7980),(202869,39,'denoise_data',7980),(202870,39,'check_bounds',7980),(202871,39,'send_pendulum_state',7980),(202872,40,'retrieve_state_data',7981),(202873,40,'start_preprocessing',7981),(202874,40,'denoise_data',7981),(202875,40,'check_bounds',7981),(202876,40,'send_pendulum_state',7981),(202877,41,'retrieve_state_data',7982),(202878,41,'start_preprocessing',7982),(202879,41,'denoise_data',7982),(202880,41,'check_bounds',7982),(202881,41,'send_pendulum_state',7982),(202882,42,'check_pendulum_channel',8009),(202883,42,'retrieve_state_data',8009),(202884,42,'start_preprocessing',8009),(202885,42,'denoise_data',8009),(202886,42,'check_bounds',8009),(202887,42,'send_pendulum_state',8009);
/*!40000 ALTER TABLE `activityinstance` ENABLE KEYS */;
UNLOCK TABLES;

--
-- Table structure for table `anomaloustrace`
--

DROP TABLE IF EXISTS `anomaloustrace`;
/*!40101 SET @saved_cs_client     = @@character_set_client */;
/*!50503 SET character_set_client = utf8mb4 */;
CREATE TABLE `anomaloustrace` (
  `ID` int NOT NULL AUTO_INCREMENT,
  `D` int DEFAULT NULL,
  PRIMARY KEY (`ID`),
  KEY `d_fk_idx` (`D`),
  CONSTRAINT `d_fk` FOREIGN KEY (`D`) REFERENCES `description` (`ID`)
) ENGINE=InnoDB AUTO_INCREMENT=8010 DEFAULT CHARSET=utf8mb4 COLLATE=utf8mb4_0900_ai_ci;
/*!40101 SET character_set_client = @saved_cs_client */;

--
-- Dumping data for table `anomaloustrace`
--

LOCK TABLES `anomaloustrace` WRITE;
/*!40000 ALTER TABLE `anomaloustrace` DISABLE KEYS */;
INSERT INTO `anomaloustrace` VALUES (6743,6742),(6744,6743),(6745,6744),(6746,6745),(6747,6746),(6748,6747),(6749,6748),(6750,6749),(6751,6750),(6752,6751),(6753,6752),(6754,6753),(6755,6754),(6756,6755),(6757,6756),(6758,6757),(6759,6758),(6760,6759),(6761,6760),(6762,6761),(6763,6762),(6764,6763),(6765,6764),(6766,6765),(6767,6766),(6768,6767),(6769,6768),(6770,6769),(6771,6770),(6772,6771),(6773,6772),(6774,6773),(6775,6774),(6776,6775),(6777,6776),(6778,6777),(6779,6778),(6780,6779),(6781,6780),(6782,6781),(6783,6782),(6784,6783),(6785,6784),(6786,6785),(6787,6786),(6788,6787),(6789,6788),(6790,6789),(6791,6790),(6792,6791),(6793,6792),(6794,6793),(6795,6794),(6796,6795),(6797,6796),(6798,6797),(6799,6798),(6800,6799),(6801,6800),(6802,6801),(6803,6802),(6804,6803),(6805,6804),(6806,6805),(6807,6806),(6808,6807),(6809,6808),(6810,6809),(6811,6810),(6812,6811),(6813,6812),(6814,6813),(6815,6814),(6816,6815),(6817,6816),(6818,6817),(6819,6818),(6820,6819),(6821,6820),(6822,6821),(6823,6822),(6824,6823),(6825,6824),(6826,6825),(6827,6826),(6828,6827),(6829,6828),(6830,6829),(6831,6830),(6832,6831),(6833,6832),(6834,6833),(6835,6834),(6836,6835),(6837,6836),(6838,6837),(6839,6838),(6840,6839),(6841,6840),(6842,6841),(6843,6842),(6844,6843),(6845,6844),(6846,6845),(6847,6846),(6848,6847),(6849,6848),(6850,6849),(6851,6850),(6852,6851),(6853,6852),(6854,6853),(6855,6854),(6856,6855),(6857,6856),(6858,6857),(6859,6858),(6860,6859),(6861,6860),(6862,6861),(6863,6862),(6864,6863),(6865,6864),(6866,6865),(6867,6866),(6868,6867),(6869,6868),(6870,6869),(6871,6870),(6872,6871),(6873,6872),(6874,6873),(6875,6874),(6876,6875),(6877,6876),(6878,6877),(6879,6878),(6880,6879),(6881,6880),(6882,6881),(6883,6882),(6884,6883),(6885,6884),(6886,6885),(6887,6886),(6888,6887),(6889,6888),(6890,6889),(6891,6890),(6892,6891),(6893,6892),(6894,6893),(6895,6894),(6896,6895),(6897,6896),(6898,6897),(6899,6898),(6900,6899),(6901,6900),(6902,6901),(6903,6902),(6904,6903),(6905,6904),(6906,6905),(6907,6906),(6908,6907),(6909,6908),(6910,6909),(6911,6910),(6912,6911),(6913,6912),(6914,6913),(6915,6914),(6916,6915),(6917,6916),(6918,6917),(6919,6918),(6920,6919),(6921,6920),(6922,6921),(6923,6922),(6924,6923),(6925,6924),(6926,6925),(6927,6926),(6928,6927),(6929,6928),(6930,6929),(6931,6930),(6932,6931),(6933,6932),(6934,6933),(6935,6934),(6936,6935),(6937,6936),(6938,6937),(6939,6938),(6940,6939),(6941,6940),(6942,6941),(6943,6942),(6944,6943),(6945,6944),(6946,6945),(6947,6946),(6948,6947),(6949,6948),(6950,6949),(6951,6950),(6952,6951),(6953,6952),(6954,6953),(6955,6954),(6956,6955),(6957,6956),(6958,6957),(6959,6958),(6960,6959),(6961,6960),(6962,6961),(6963,6962),(6964,6963),(6965,6964),(6966,6965),(6967,6966),(6968,6967),(6969,6968),(6970,6969),(6971,6970),(6972,6971),(6973,6972),(6974,6973),(6975,6974),(6976,6975),(6977,6976),(6978,6977),(6979,6978),(6980,6979),(6981,6980),(6982,6981),(6983,6982),(6984,6983),(6985,6984),(6986,6985),(6987,6986),(6988,6987),(6989,6988),(6990,6989),(6991,6990),(6992,6991),(6993,6992),(6994,6993),(6995,6994),(6996,6995),(6997,6996),(6998,6997),(6999,6998),(7000,6999),(7001,7000),(7002,7001),(7003,7002),(7004,7003),(7005,7004),(7006,7005),(7007,7006),(7008,7007),(7009,7008),(7010,7009),(7011,7010),(7012,7011),(7013,7012),(7014,7013),(7015,7014),(7016,7015),(7017,7016),(7018,7017),(7019,7018),(7020,7019),(7021,7020),(7022,7021),(7023,7022),(7024,7023),(7025,7024),(7026,7025),(7027,7026),(7028,7027),(7029,7028),(7030,7029),(7031,7030),(7032,7031),(7033,7032),(7034,7033),(7035,7034),(7036,7035),(7037,7036),(7038,7037),(7039,7038),(7040,7039),(7041,7040),(7042,7041),(7043,7042),(7044,7043),(7045,7044),(7046,7045),(7047,7046),(7048,7047),(7049,7048),(7050,7049),(7051,7050),(7052,7051),(7053,7052),(7054,7053),(7055,7054),(7056,7055),(7057,7056),(7058,7057),(7059,7058),(7060,7059),(7061,7060),(7062,7061),(7063,7062),(7064,7063),(7065,7064),(7066,7065),(7067,7066),(7068,7067),(7069,7068),(7070,7069),(7071,7070),(7072,7071),(7073,7072),(7074,7073),(7075,7074),(7076,7075),(7077,7076),(7078,7077),(7079,7078),(7080,7079),(7081,7080),(7082,7081),(7083,7082),(7084,7083),(7085,7084),(7086,7085),(7087,7086),(7088,7087),(7089,7088),(7090,7089),(7091,7090),(7092,7091),(7093,7092),(7094,7093),(7095,7094),(7096,7095),(7097,7096),(7098,7097),(7099,7098),(7100,7099),(7101,7100),(7102,7101),(7103,7102),(7104,7103),(7105,7104),(7106,7105),(7107,7106),(7108,7107),(7109,7108),(7110,7109),(7111,7110),(7112,7111),(7113,7112),(7114,7113),(7115,7114),(7116,7115),(7117,7116),(7118,7117),(7119,7118),(7120,7119),(7121,7120),(7122,7121),(7123,7122),(7124,7123),(7125,7124),(7126,7125),(7127,7126),(7128,7127),(7129,7128),(7130,7129),(7131,7130),(7132,7131),(7133,7132),(7134,7133),(7135,7134),(7136,7135),(7137,7136),(7138,7137),(7139,7138),(7140,7139),(7141,7140),(7142,7141),(7143,7142),(7144,7143),(7145,7144),(7146,7145),(7147,7146),(7148,7147),(7149,7148),(7150,7149),(7151,7150),(7152,7151),(7153,7152),(7154,7153),(7155,7154),(7156,7155),(7157,7156),(7158,7157),(7159,7158),(7160,7159),(7161,7160),(7162,7161),(7163,7162),(7164,7163),(7165,7164),(7166,7165),(7167,7166),(7168,7167),(7169,7168),(7170,7169),(7171,7170),(7172,7171),(7173,7172),(7174,7173),(7175,7174),(7176,7175),(7177,7176),(7178,7177),(7179,7178),(7180,7179),(7181,7180),(7182,7181),(7183,7182),(7184,7183),(7185,7184),(7186,7185),(7187,7186),(7188,7187),(7189,7188),(7190,7189),(7191,7190),(7192,7191),(7193,7192),(7194,7193),(7195,7194),(7196,7195),(7197,7196),(7198,7197),(7199,7198),(7200,7199),(7201,7200),(7202,7201),(7203,7202),(7204,7203),(7205,7204),(7206,7205),(7207,7206),(7208,7207),(7209,7208),(7210,7209),(7211,7210),(7212,7211),(7213,7212),(7214,7213),(7215,7214),(7216,7215),(7217,7216),(7218,7217),(7219,7218),(7220,7219),(7221,7220),(7222,7221),(7223,7222),(7224,7223),(7225,7224),(7226,7225),(7227,7226),(7228,7227),(7229,7228),(7230,7229),(7231,7230),(7232,7231),(7233,7232),(7234,7233),(7235,7234),(7236,7235),(7237,7236),(7238,7237),(7239,7238),(7240,7239),(7241,7240),(7242,7241),(7243,7242),(7244,7243),(7245,7244),(7246,7245),(7247,7246),(7248,7247),(7249,7248),(7250,7249),(7251,7250),(7252,7251),(7253,7252),(7254,7253),(7255,7254),(7256,7255),(7257,7256),(7258,7257),(7259,7258),(7260,7259),(7261,7260),(7262,7261),(7263,7262),(7264,7263),(7265,7264),(7266,7265),(7267,7266),(7268,7267),(7269,7268),(7270,7269),(7271,7270),(7272,7271),(7273,7272),(7274,7273),(7275,7274),(7276,7275),(7277,7276),(7278,7277),(7279,7278),(7280,7279),(7281,7280),(7282,7281),(7283,7282),(7284,7283),(7285,7284),(7286,7285),(7287,7286),(7288,7287),(7289,7288),(7290,7289),(7291,7290),(7292,7291),(7293,7292),(7294,7293),(7295,7294),(7296,7295),(7297,7296),(7298,7297),(7299,7298),(7300,7299),(7301,7300),(7302,7301),(7303,7302),(7304,7303),(7305,7304),(7306,7305),(7307,7306),(7308,7307),(7309,7308),(7310,7309),(7311,7310),(7312,7311),(7313,7312),(7314,7313),(7315,7314),(7316,7315),(7317,7316),(7318,7317),(7319,7318),(7320,7319),(7321,7320),(7322,7321),(7323,7322),(7324,7323),(7325,7324),(7326,7325),(7327,7326),(7328,7327),(7329,7328),(7330,7329),(7331,7330),(7332,7331),(7333,7332),(7334,7333),(7335,7334),(7336,7335),(7337,7336),(7338,7337),(7339,7338),(7340,7339),(7341,7340),(7342,7341),(7343,7342),(7344,7343),(7345,7344),(7346,7345),(7347,7346),(7348,7347),(7349,7348),(7350,7349),(7351,7350),(7352,7351),(7353,7352),(7354,7353),(7355,7354),(7356,7355),(7357,7356),(7358,7357),(7359,7358),(7360,7359),(7361,7360),(7362,7361),(7363,7362),(7364,7363),(7365,7364),(7366,7365),(7367,7366),(7368,7367),(7369,7368),(7370,7369),(7371,7370),(7372,7371),(7373,7372),(7374,7373),(7375,7374),(7376,7375),(7377,7376),(7378,7377),(7379,7378),(7380,7379),(7381,7380),(7382,7381),(7383,7382),(7384,7383),(7385,7384),(7386,7385),(7387,7386),(7388,7387),(7389,7388),(7390,7389),(7391,7390),(7392,7391),(7393,7392),(7394,7393),(7395,7394),(7396,7395),(7397,7396),(7398,7397),(7399,7398),(7400,7399),(7401,7400),(7402,7401),(7403,7402),(7404,7403),(7405,7404),(7406,7405),(7407,7406),(7408,7407),(7409,7408),(7410,7409),(7411,7410),(7412,7411),(7413,7412),(7414,7413),(7415,7414),(7416,7415),(7417,7416),(7418,7417),(7419,7418),(7420,7419),(7421,7420),(7422,7421),(7423,7422),(7424,7423),(7425,7424),(7426,7425),(7427,7426),(7428,7427),(7429,7428),(7430,7429),(7431,7430),(7432,7431),(7433,7432),(7434,7433),(7435,7434),(7436,7435),(7437,7436),(7438,7437),(7439,7438),(7440,7439),(7441,7440),(7442,7441),(7443,7442),(7444,7443),(7445,7444),(7446,7445),(7447,7446),(7448,7447),(7449,7448),(7450,7449),(7451,7450),(7452,7451),(7453,7452),(7454,7453),(7455,7454),(7456,7455),(7457,7456),(7458,7457),(7459,7458),(7460,7459),(7461,7460),(7462,7461),(7463,7462),(7464,7463),(7465,7464),(7466,7465),(7467,7466),(7468,7467),(7469,7468),(7470,7469),(7471,7470),(7472,7471),(7473,7472),(7474,7473),(7475,7474),(7476,7475),(7477,7476),(7478,7477),(7479,7478),(7480,7479),(7481,7480),(7482,7481),(7483,7482),(7484,7483),(7485,7484),(7486,7485),(7487,7486),(7488,7487),(7489,7488),(7490,7489),(7491,7490),(7492,7491),(7493,7492),(7494,7493),(7495,7494),(7496,7495),(7497,7496),(7498,7497),(7499,7498),(7500,7499),(7501,7500),(7502,7501),(7503,7502),(7504,7503),(7505,7504),(7506,7505),(7507,7506),(7508,7507),(7509,7508),(7510,7509),(7511,7510),(7512,7511),(7513,7512),(7514,7513),(7515,7514),(7516,7515),(7517,7516),(7518,7517),(7519,7518),(7520,7519),(7521,7520),(7522,7521),(7523,7522),(7524,7523),(7525,7524),(7526,7525),(7527,7526),(7528,7527),(7529,7528),(7530,7529),(7531,7530),(7532,7531),(7533,7532),(7534,7533),(7535,7534),(7536,7535),(7537,7536),(7538,7537),(7539,7538),(7540,7539),(7541,7540),(7542,7541),(7543,7542),(7544,7543),(7545,7544),(7546,7545),(7547,7546),(7548,7547),(7549,7548),(7550,7549),(7551,7550),(7552,7551),(7553,7552),(7554,7553),(7555,7554),(7556,7555),(7557,7556),(7558,7557),(7559,7558),(7560,7559),(7561,7560),(7562,7561),(7563,7562),(7564,7563),(7565,7564),(7566,7565),(7567,7566),(7568,7567),(7569,7568),(7570,7569),(7571,7570),(7572,7571),(7573,7572),(7574,7573),(7575,7574),(7576,7575),(7577,7576),(7578,7577),(7579,7578),(7580,7579),(7581,7580),(7582,7581),(7583,7582),(7584,7583),(7585,7584),(7586,7585),(7587,7586),(7588,7587),(7589,7588),(7590,7589),(7591,7590),(7592,7591),(7593,7592),(7594,7593),(7595,7594),(7596,7595),(7597,7596),(7598,7597),(7599,7598),(7600,7599),(7601,7600),(7602,7601),(7603,7602),(7604,7603),(7605,7604),(7606,7605),(7607,7606),(7608,7607),(7609,7608),(7610,7609),(7611,7610),(7612,7611),(7613,7612),(7614,7613),(7615,7614),(7616,7615),(7617,7616),(7618,7617),(7619,7618),(7620,7619),(7621,7620),(7622,7621),(7623,7622),(7624,7623),(7625,7624),(7626,7625),(7627,7626),(7628,7627),(7629,7628),(7630,7629),(7631,7630),(7632,7631),(7633,7632),(7634,7633),(7635,7634),(7636,7635),(7637,7636),(7638,7637),(7639,7638),(7640,7639),(7641,7640),(7642,7641),(7643,7642),(7644,7643),(7645,7644),(7646,7645),(7647,7646),(7648,7647),(7649,7648),(7650,7649),(7651,7650),(7652,7651),(7653,7652),(7654,7653),(7655,7654),(7656,7655),(7657,7656),(7658,7657),(7659,7658),(7660,7659),(7661,7660),(7662,7661),(7663,7662),(7664,7663),(7665,7664),(7666,7665),(7667,7666),(7668,7667),(7669,7668),(7670,7669),(7671,7670),(7672,7671),(7673,7672),(7674,7673),(7675,7674),(7676,7675),(7677,7676),(7678,7677),(7679,7678),(7680,7679),(7681,7680),(7682,7681),(7683,7682),(7684,7683),(7685,7684),(7686,7685),(7687,7686),(7688,7687),(7689,7688),(7690,7689),(7691,7690),(7692,7691),(7693,7692),(7694,7693),(7695,7694),(7696,7695),(7697,7696),(7698,7697),(7699,7698),(7700,7699),(7701,7700),(7702,7701),(7703,7702),(7704,7703),(7705,7704),(7706,7705),(7707,7706),(7708,7707),(7709,7708),(7710,7709),(7711,7710),(7712,7711),(7713,7712),(7714,7713),(7715,7714),(7716,7715),(7717,7716),(7718,7717),(7719,7718),(7720,7719),(7721,7720),(7722,7721),(7723,7722),(7724,7723),(7725,7724),(7726,7725),(7727,7726),(7728,7727),(7729,7728),(7730,7729),(7731,7730),(7732,7731),(7733,7732),(7734,7733),(7735,7734),(7736,7735),(7737,7736),(7738,7737),(7739,7738),(7740,7739),(7741,7740),(7742,7741),(7743,7742),(7744,7743),(7745,7744),(7746,7745),(7747,7746),(7748,7747),(7749,7748),(7750,7749),(7751,7750),(7752,7751),(7753,7752),(7754,7753),(7755,7754),(7756,7755),(7757,7756),(7758,7757),(7759,7758),(7760,7759),(7761,7760),(7762,7761),(7763,7762),(7764,7763),(7765,7764),(7766,7765),(7767,7766),(7768,7767),(7769,7768),(7770,7769),(7771,7770),(7772,7771),(7773,7772),(7774,7773),(7775,7774),(7776,7775),(7777,7776),(7778,7777),(7779,7778),(7780,7779),(7781,7780),(7782,7781),(7783,7782),(7784,7783),(7785,7784),(7786,7785),(7787,7786),(7788,7787),(7789,7788),(7790,7789),(7791,7790),(7792,7791),(7793,7792),(7794,7793),(7795,7794),(7796,7795),(7797,7796),(7798,7797),(7799,7798),(7800,7799),(7801,7800),(7802,7801),(7803,7802),(7804,7803),(7805,7804),(7806,7805),(7807,7806),(7808,7807),(7809,7808),(7810,7809),(7811,7810),(7812,7811),(7813,7812),(7814,7813),(7815,7814),(7816,7815),(7817,7816),(7818,7817),(7819,7818),(7820,7819),(7821,7820),(7822,7821),(7823,7822),(7824,7823),(7825,7824),(7826,7825),(7827,7826),(7828,7827),(7829,7828),(7830,7829),(7831,7830),(7832,7831),(7833,7832),(7834,7833),(7835,7834),(7836,7835),(7837,7836),(7838,7837),(7839,7838),(7840,7839),(7841,7840),(7842,7841),(7843,7842),(7844,7843),(7845,7844),(7846,7845),(7847,7846),(7848,7847),(7849,7848),(7850,7849),(7851,7850),(7852,7851),(7853,7852),(7854,7853),(7855,7854),(7856,7855),(7857,7856),(7858,7857),(7859,7858),(7860,7859),(7861,7860),(7862,7861),(7863,7862),(7864,7863),(7865,7864),(7866,7865),(7867,7866),(7868,7867),(7869,7868),(7870,7869),(7871,7870),(7872,7871),(7873,7872),(7874,7873),(7875,7874),(7876,7875),(7877,7876),(7878,7877),(7879,7878),(7880,7879),(7881,7880),(7882,7881),(7883,7882),(7884,7883),(7885,7884),(7886,7885),(7887,7886),(7888,7887),(7889,7888),(7890,7889),(7891,7890),(7892,7891),(7893,7892),(7894,7893),(7895,7894),(7896,7895),(7897,7896),(7898,7897),(7899,7898),(7900,7899),(7901,7900),(7902,7901),(7903,7902),(7904,7903),(7905,7904),(7906,7905),(7907,7906),(7908,7907),(7909,7908),(7910,7909),(7911,7910),(7912,7911),(7913,7912),(7914,7913),(7915,7914),(7916,7915),(7917,7916),(7918,7917),(7919,7918),(7920,7919),(7921,7920),(7922,7921),(7923,7922),(7924,7923),(7925,7924),(7926,7925),(7927,7926),(7928,7927),(7929,7928),(7930,7929),(7931,7930),(7932,7931),(7933,7932),(7934,7933),(7935,7934),(7936,7935),(7937,7936),(7938,7937),(7939,7938),(7940,7939),(7941,7940),(7942,7941),(7943,7942),(7944,7943),(7945,7944),(7946,7945),(7947,7946),(7948,7947),(7949,7948),(7950,7949),(7951,7950),(7952,7951),(7953,7952),(7954,7953),(7955,7954),(7956,7955),(7957,7956),(7958,7957),(7959,7958),(7960,7959),(7961,7960),(7962,7961),(7963,7962),(7964,7963),(7965,7964),(7966,7965),(7967,7966),(7968,7967),(7969,7968),(7970,7969),(7971,7970),(7972,7971),(7973,7972),(7974,7973),(7975,7974),(7976,7975),(7977,7976),(7978,7977),(7979,7978),(7980,7979),(7981,7980),(7982,7981),(7983,7982),(7984,7983),(7985,7984),(7986,7985),(7987,7986),(7988,7987),(7989,7988),(7990,7989),(7991,7990),(7992,7991),(7993,7992),(7994,7993),(7995,7994),(7996,7995),(7997,7996),(7998,7997),(7999,7998),(8000,7999),(8001,8000),(8002,8001),(8003,8002),(8004,8003),(8005,8004),(8006,8005),(8007,8006),(8008,8007),(8009,8008);
/*!40000 ALTER TABLE `anomaloustrace` ENABLE KEYS */;
UNLOCK TABLES;

--
-- Table structure for table `description`
--

DROP TABLE IF EXISTS `description`;
/*!40101 SET @saved_cs_client     = @@character_set_client */;
/*!50503 SET character_set_client = utf8mb4 */;
CREATE TABLE `description` (
  `ID` int NOT NULL AUTO_INCREMENT,
  `Fitness` float NOT NULL,
  PRIMARY KEY (`ID`)
) ENGINE=InnoDB AUTO_INCREMENT=8009 DEFAULT CHARSET=utf8mb4 COLLATE=utf8mb4_0900_ai_ci;
/*!40101 SET character_set_client = @saved_cs_client */;

--
-- Dumping data for table `description`
--

LOCK TABLES `description` WRITE;
/*!40000 ALTER TABLE `description` DISABLE KEYS */;
INSERT INTO `description` VALUES (6742,0.355927),(6743,0.355927),(6744,0.355927),(6745,0.355927),(6746,0.355927),(6747,0.355927),(6748,0.355927),(6749,0.355927),(6750,0.355927),(6751,0.355927),(6752,0.355927),(6753,0.355927),(6754,0.355927),(6755,0.355927),(6756,0.355927),(6757,0.355927),(6758,0.355927),(6759,0.355927),(6760,0.355927),(6761,0.355927),(6762,0.355927),(6763,0.355927),(6764,0.355927),(6765,0.355927),(6766,0.355927),(6767,0.355927),(6768,0.355927),(6769,0.355927),(6770,0.355927),(6771,0.355927),(6772,0.355927),(6773,0.355927),(6774,0.355927),(6775,0.355927),(6776,0.355927),(6777,0.355927),(6778,0.355927),(6779,0.355927),(6780,0.355927),(6781,0.355927),(6782,0.355927),(6783,0.355927),(6784,0.355927),(6785,0.355927),(6786,0.355927),(6787,0.355927),(6788,0.355927),(6789,0.355927),(6790,0.355927),(6791,0.355927),(6792,0.355927),(6793,0.355927),(6794,0.355927),(6795,0.355927),(6796,0.355927),(6797,0.355927),(6798,0.355927),(6799,0.355927),(6800,0.355927),(6801,0.355927),(6802,0.355927),(6803,0.355927),(6804,0.355927),(6805,0.355927),(6806,0.355927),(6807,0.355927),(6808,0.355927),(6809,0.355927),(6810,0.355927),(6811,0.355927),(6812,0.355927),(6813,0.355927),(6814,0.355927),(6815,0.355927),(6816,0.355927),(6817,0.355927),(6818,0.355927),(6819,0.355927),(6820,0.355927),(6821,0.355927),(6822,0.355927),(6823,0.355927),(6824,0.355927),(6825,0.355927),(6826,0.355927),(6827,0.355927),(6828,0.355927),(6829,0.355927),(6830,0.355927),(6831,0.355927),(6832,0.355927),(6833,0.355927),(6834,0.355927),(6835,0.355927),(6836,0.355927),(6837,0.355927),(6838,0.355927),(6839,0.355927),(6840,0.355927),(6841,0.355927),(6842,0.355927),(6843,0.355927),(6844,0.355927),(6845,0.355927),(6846,0.355927),(6847,0.355927),(6848,0.355927),(6849,0.355927),(6850,0.355927),(6851,0.355927),(6852,0.355927),(6853,0.355927),(6854,0.355927),(6855,0.355927),(6856,0.355927),(6857,0.355927),(6858,0.355927),(6859,0.355927),(6860,0.355927),(6861,0.355927),(6862,0.355927),(6863,0.355927),(6864,0.355927),(6865,0.355927),(6866,0.355927),(6867,0.355927),(6868,0.355927),(6869,0.355927),(6870,0.355927),(6871,0.355927),(6872,0.355927),(6873,0.355927),(6874,0.355927),(6875,0.355927),(6876,0.355927),(6877,0.355927),(6878,0.355927),(6879,0.355927),(6880,0.355927),(6881,0.355927),(6882,0.355927),(6883,0.355927),(6884,0.355927),(6885,0.355927),(6886,0.355927),(6887,0.355927),(6888,0.355927),(6889,0.355927),(6890,0.355927),(6891,0.355927),(6892,0.355927),(6893,0.355927),(6894,0.355927),(6895,0.355927),(6896,0.355927),(6897,0.355927),(6898,0.355927),(6899,0.355927),(6900,0.355927),(6901,0.355927),(6902,0.355927),(6903,0.355927),(6904,0.355927),(6905,0.355927),(6906,0.355927),(6907,0.355927),(6908,0.355927),(6909,0.355927),(6910,0.216668),(6911,0.216668),(6912,0.216668),(6913,0.216668),(6914,0.216668),(6915,0.216668),(6916,0.216668),(6917,0.216668),(6918,0.216668),(6919,0.216668),(6920,0.216668),(6921,0.216668),(6922,0.216668),(6923,0.216668),(6924,0.216668),(6925,0.216668),(6926,0.216668),(6927,0.216668),(6928,0.216668),(6929,0.216668),(6930,0.216668),(6931,0.216668),(6932,0.216668),(6933,0.216668),(6934,0.216668),(6935,0.216668),(6936,0.216668),(6937,0.216668),(6938,0.216668),(6939,0.216668),(6940,0.216668),(6941,0.216668),(6942,0.216668),(6943,0.216668),(6944,0.216668),(6945,0.216668),(6946,0.216668),(6947,0.216668),(6948,0.216668),(6949,0.216668),(6950,0.216668),(6951,0.216668),(6952,0.216206),(6953,0.216206),(6954,0.216206),(6955,0.216206),(6956,0.216206),(6957,0.216206),(6958,0.216206),(6959,0.216206),(6960,0.216206),(6961,0.216206),(6962,0.216206),(6963,0.216206),(6964,0.216206),(6965,0.216206),(6966,0.216206),(6967,0.216206),(6968,0.216206),(6969,0.216206),(6970,0.216206),(6971,0.216206),(6972,0.216206),(6973,0.216206),(6974,0.216206),(6975,0.216206),(6976,0.216206),(6977,0.216206),(6978,0.216206),(6979,0.216206),(6980,0.216206),(6981,0.216206),(6982,0.216206),(6983,0.216206),(6984,0.216206),(6985,0.216206),(6986,0.216206),(6987,0.216206),(6988,0.216206),(6989,0.216206),(6990,0.216206),(6991,0.216206),(6992,0.216206),(6993,0.216206),(6994,0.216206),(6995,0.216206),(6996,0.216206),(6997,0.216206),(6998,0.216206),(6999,0.216206),(7000,0.216206),(7001,0.216206),(7002,0.216206),(7003,0.216206),(7004,0.216206),(7005,0.216206),(7006,0.216206),(7007,0.216206),(7008,0.216206),(7009,0.216206),(7010,0.216206),(7011,0.216206),(7012,0.216206),(7013,0.216206),(7014,0.216206),(7015,0.216206),(7016,0.216206),(7017,0.216206),(7018,0.216206),(7019,0.216206),(7020,0.216206),(7021,0.216206),(7022,0.216206),(7023,0.216206),(7024,0.216206),(7025,0.216206),(7026,0.216206),(7027,0.216206),(7028,0.216206),(7029,0.216206),(7030,0.216206),(7031,0.216206),(7032,0.216206),(7033,0.216206),(7034,0.216206),(7035,0.216206),(7036,0.216206),(7037,0.216206),(7038,0.216206),(7039,0.216206),(7040,0.216206),(7041,0.216206),(7042,0.216206),(7043,0.216206),(7044,0.216206),(7045,0.216206),(7046,0.216206),(7047,0.216206),(7048,0.216206),(7049,0.216206),(7050,0.216206),(7051,0.216206),(7052,0.216206),(7053,0.216206),(7054,0.216206),(7055,0.216206),(7056,0.216206),(7057,0.216206),(7058,0.216206),(7059,0.216206),(7060,0.216206),(7061,0.216206),(7062,0.216206),(7063,0.216206),(7064,0.216206),(7065,0.216206),(7066,0.216206),(7067,0.216206),(7068,0.216206),(7069,0.216206),(7070,0.216206),(7071,0.216206),(7072,0.216206),(7073,0.216206),(7074,0.216206),(7075,0.216206),(7076,0.216206),(7077,0.216206),(7078,0.216206),(7079,0.216206),(7080,0.216206),(7081,0.216206),(7082,0.216206),(7083,0.216206),(7084,0.216206),(7085,0.216206),(7086,0.216206),(7087,0.216206),(7088,0.216206),(7089,0.216206),(7090,0.216206),(7091,0.216206),(7092,0.216206),(7093,0.216206),(7094,0.216206),(7095,0.216206),(7096,0.216206),(7097,0.216206),(7098,0.216206),(7099,0.216206),(7100,0.216206),(7101,0.216206),(7102,0.216206),(7103,0.216206),(7104,0.216206),(7105,0.216206),(7106,0.216206),(7107,0.216206),(7108,0.216206),(7109,0.216206),(7110,0.216206),(7111,0.216206),(7112,0.216206),(7113,0.216206),(7114,0.216206),(7115,0.216206),(7116,0.216206),(7117,0.216206),(7118,0.216206),(7119,0.216206),(7120,0.216206),(7121,0.216206),(7122,0.216206),(7123,0.216206),(7124,0.216206),(7125,0.216206),(7126,0.216206),(7127,0.216206),(7128,0.216206),(7129,0.216206),(7130,0.216206),(7131,0.216206),(7132,0.216206),(7133,0.216206),(7134,0.216206),(7135,0.216206),(7136,0.216206),(7137,0.216206),(7138,0.216206),(7139,0.216206),(7140,0.216206),(7141,0.216206),(7142,0.216206),(7143,0.216206),(7144,0.216206),(7145,0.216206),(7146,0.216206),(7147,0.216206),(7148,0.216206),(7149,0.216206),(7150,0.216206),(7151,0.216206),(7152,0.216206),(7153,0.216206),(7154,0.216206),(7155,0.216206),(7156,0.216206),(7157,0.216206),(7158,0.216206),(7159,0.216206),(7160,0.216206),(7161,0.216206),(7162,0.216206),(7163,0.216206),(7164,0.216206),(7165,0.216206),(7166,0.216206),(7167,0.216206),(7168,0.216206),(7169,0.216206),(7170,0.216206),(7171,0.216206),(7172,0.216206),(7173,0.216206),(7174,0.216206),(7175,0.216206),(7176,0.216206),(7177,0.216206),(7178,0.216206),(7179,0.216206),(7180,0.216206),(7181,0.216206),(7182,0.216206),(7183,0.216206),(7184,0.216206),(7185,0.216206),(7186,0.216206),(7187,0.216206),(7188,0.216206),(7189,0.216206),(7190,0.216206),(7191,0.216206),(7192,0.216206),(7193,0.216206),(7194,0.216206),(7195,0.216206),(7196,0.216206),(7197,0.216206),(7198,0.216206),(7199,0.216206),(7200,0.216206),(7201,0.216206),(7202,0.216206),(7203,0.216206),(7204,0.216206),(7205,0.216206),(7206,0.216206),(7207,0.216206),(7208,0.216206),(7209,0.216206),(7210,0.216206),(7211,0.216206),(7212,0.216206),(7213,0.216206),(7214,0.216206),(7215,0.216206),(7216,0.216206),(7217,0.216206),(7218,0.216206),(7219,0.216206),(7220,0.216206),(7221,0.216206),(7222,0.216206),(7223,0.216206),(7224,0.216206),(7225,0.216206),(7226,0.216206),(7227,0.216206),(7228,0.216206),(7229,0.216206),(7230,0.216206),(7231,0.216206),(7232,0.216206),(7233,0.216206),(7234,0.216206),(7235,0.216206),(7236,0.216206),(7237,0.216206),(7238,0.216206),(7239,0.216206),(7240,0.216206),(7241,0.216206),(7242,0.216206),(7243,0.216206),(7244,0.216206),(7245,0.216206),(7246,0.216206),(7247,0.216206),(7248,0.216206),(7249,0.216206),(7250,0.216206),(7251,0.216206),(7252,0.216206),(7253,0.216206),(7254,0.216206),(7255,0.216206),(7256,0.216206),(7257,0.216206),(7258,0.216206),(7259,0.216206),(7260,0.216206),(7261,0.216206),(7262,0.216206),(7263,0.216206),(7264,0.216206),(7265,0.216206),(7266,0.216206),(7267,0.216206),(7268,0.216206),(7269,0.216206),(7270,0.216206),(7271,0.216206),(7272,0.216206),(7273,0.216206),(7274,0.216206),(7275,0.216206),(7276,0.216206),(7277,0.216206),(7278,0.216206),(7279,0.216206),(7280,0.216206),(7281,0.216206),(7282,0.216206),(7283,0.216206),(7284,0.216206),(7285,0.216206),(7286,0.216206),(7287,0.216206),(7288,0.216206),(7289,0.216206),(7290,0.216206),(7291,0.216206),(7292,0.216206),(7293,0.216206),(7294,0.216206),(7295,0.216206),(7296,0.216206),(7297,0.216206),(7298,0.216206),(7299,0.216206),(7300,0.216206),(7301,0.216206),(7302,0.216206),(7303,0.216206),(7304,0.216206),(7305,0.216206),(7306,0.216206),(7307,0.216206),(7308,0.216206),(7309,0.216206),(7310,0.216206),(7311,0.216206),(7312,0.216206),(7313,0.216206),(7314,0.216206),(7315,0.216206),(7316,0.216206),(7317,0.216206),(7318,0.216206),(7319,0.216206),(7320,0.216206),(7321,0.216206),(7322,0.216206),(7323,0.216206),(7324,0.216206),(7325,0.216206),(7326,0.216206),(7327,0.216206),(7328,0.216206),(7329,0.216206),(7330,0.216206),(7331,0.216206),(7332,0.216206),(7333,0.216206),(7334,0.216206),(7335,0.216206),(7336,0.216206),(7337,0.216206),(7338,0.216206),(7339,0.216206),(7340,0.216206),(7341,0.25639),(7342,0.25639),(7343,0.25639),(7344,0.25639),(7345,0.25639),(7346,0.25639),(7347,0.25639),(7348,0.25639),(7349,0.25639),(7350,0.25639),(7351,0.25639),(7352,0.25639),(7353,0.25639),(7354,0.25639),(7355,0.25639),(7356,0.25639),(7357,0.25639),(7358,0.25639),(7359,0.25639),(7360,0.25639),(7361,0.25639),(7362,0.25639),(7363,0.25639),(7364,0.25639),(7365,0.25639),(7366,0.25639),(7367,0.25639),(7368,0.25639),(7369,0.25639),(7370,0.25639),(7371,0.25639),(7372,0.25639),(7373,0.25639),(7374,0.25639),(7375,0.25639),(7376,0.25639),(7377,0.25639),(7378,0.25639),(7379,0.25639),(7380,0.25639),(7381,0.25639),(7382,0.25639),(7383,0.25639),(7384,0.25639),(7385,0.25639),(7386,0.25639),(7387,0.25639),(7388,0.25639),(7389,0.25639),(7390,0.25639),(7391,0.25639),(7392,0.25639),(7393,0.25639),(7394,0.25639),(7395,0.25639),(7396,0.25639),(7397,0.25639),(7398,0.25639),(7399,0.25639),(7400,0.25639),(7401,0.25639),(7402,0.25639),(7403,0.25639),(7404,0.25639),(7405,0.25639),(7406,0.25639),(7407,0.25639),(7408,0.25639),(7409,0.25639),(7410,0.25639),(7411,0.25639),(7412,0.25639),(7413,0.25639),(7414,0.25639),(7415,0.25639),(7416,0.25639),(7417,0.25639),(7418,0.25639),(7419,0.25639),(7420,0.25639),(7421,0.25639),(7422,0.25639),(7423,0.25639),(7424,0.25639),(7425,0.25639),(7426,0.25639),(7427,0.25639),(7428,0.25639),(7429,0.25639),(7430,0.25639),(7431,0.25639),(7432,0.25639),(7433,0.25639),(7434,0.25639),(7435,0.25639),(7436,0.25639),(7437,0.25639),(7438,0.25639),(7439,0.25639),(7440,0.25639),(7441,0.25639),(7442,0.25639),(7443,0.25639),(7444,0.25639),(7445,0.25639),(7446,0.25639),(7447,0.25639),(7448,0.25639),(7449,0.25639),(7450,0.25639),(7451,0.25639),(7452,0.25639),(7453,0.25639),(7454,0.25639),(7455,0.25639),(7456,0.25639),(7457,0.25639),(7458,0.25639),(7459,0.25639),(7460,0.25639),(7461,0.25639),(7462,0.25639),(7463,0.25639),(7464,0.25639),(7465,0.25639),(7466,0.25639),(7467,0.25639),(7468,0.25639),(7469,0.25639),(7470,0.25639),(7471,0.25639),(7472,0.25639),(7473,0.25639),(7474,0.25639),(7475,0.25639),(7476,0.25639),(7477,0.25639),(7478,0.25639),(7479,0.25639),(7480,0.25639),(7481,0.25639),(7482,0.25639),(7483,0.25639),(7484,0.25639),(7485,0.25639),(7486,0.25639),(7487,0.25639),(7488,0.25639),(7489,0.25639),(7490,0.25639),(7491,0.25639),(7492,0.25639),(7493,0.25639),(7494,0.25639),(7495,0.25639),(7496,0.25639),(7497,0.25639),(7498,0.25639),(7499,0.25639),(7500,0.25639),(7501,0.25639),(7502,0.25639),(7503,0.25639),(7504,0.25639),(7505,0.25639),(7506,0.25639),(7507,0.25639),(7508,0.25639),(7509,0.25639),(7510,0.25639),(7511,0.25639),(7512,0.25639),(7513,0.25639),(7514,0.25639),(7515,0.25639),(7516,0.25639),(7517,0.25639),(7518,0.25639),(7519,0.25639),(7520,0.25639),(7521,0.25639),(7522,0.25639),(7523,0.25639),(7524,0.25639),(7525,0.25639),(7526,0.25639),(7527,0.25639),(7528,0.25639),(7529,0.25639),(7530,0.25639),(7531,0.25639),(7532,0.25639),(7533,0.25639),(7534,0.25639),(7535,0.25639),(7536,0.25639),(7537,0.25639),(7538,0.25639),(7539,0.25639),(7540,0.25639),(7541,0.25639),(7542,0.25639),(7543,0.25639),(7544,0.25639),(7545,0.25639),(7546,0.25639),(7547,0.25639),(7548,0.25639),(7549,0.25639),(7550,0.25639),(7551,0.25639),(7552,0.25639),(7553,0.25639),(7554,0.25639),(7555,0.25639),(7556,0.25639),(7557,0.25639),(7558,0.25639),(7559,0.25639),(7560,0.25639),(7561,0.25639),(7562,0.25639),(7563,0.25639),(7564,0.25639),(7565,0.25639),(7566,0.25639),(7567,0.25639),(7568,0.25639),(7569,0.25639),(7570,0.25639),(7571,0.25639),(7572,0.25639),(7573,0.25639),(7574,0.25639),(7575,0.25639),(7576,0.25639),(7577,0.25639),(7578,0.25639),(7579,0.25639),(7580,0.25639),(7581,0.25639),(7582,0.25639),(7583,0.25639),(7584,0.25639),(7585,0.25639),(7586,0.25639),(7587,0.25639),(7588,0.25639),(7589,0.25639),(7590,0.25639),(7591,0.25639),(7592,0.25639),(7593,0.990108),(7594,0.990108),(7595,0.990108),(7596,0.990108),(7597,0.990108),(7598,0.990108),(7599,0.990108),(7600,0.990108),(7601,1.12913),(7602,1.12913),(7603,1.12913),(7604,1.12913),(7605,1.12913),(7606,1.12913),(7607,1.12913),(7608,1.12913),(7609,1.12913),(7610,1.12913),(7611,1.12913),(7612,1.12913),(7613,1.12913),(7614,1.12913),(7615,1.12913),(7616,1.12913),(7617,1.12913),(7618,1.12913),(7619,1.12913),(7620,1.12913),(7621,1.12913),(7622,1.12913),(7623,1.12913),(7624,1.12913),(7625,1.12913),(7626,1.12913),(7627,1.12913),(7628,1.12913),(7629,1.12913),(7630,1.12913),(7631,1.12913),(7632,1.12913),(7633,1.12913),(7634,1.12913),(7635,1.12913),(7636,1.12913),(7637,1.12913),(7638,1.12913),(7639,1.12913),(7640,1.12913),(7641,1.12913),(7642,1.12913),(7643,1.12913),(7644,1.12913),(7645,1.12913),(7646,1.12913),(7647,1.12913),(7648,1.12913),(7649,1.12913),(7650,1.12913),(7651,1.12913),(7652,1.12913),(7653,1.12913),(7654,1.12913),(7655,1.12913),(7656,1.12913),(7657,1.12913),(7658,1.12913),(7659,1.12913),(7660,1.12913),(7661,1.12913),(7662,1.12913),(7663,1.12913),(7664,1.12913),(7665,1.12913),(7666,1.12913),(7667,1.12913),(7668,1.12913),(7669,1.12913),(7670,1.12913),(7671,1.12913),(7672,1.12913),(7673,1.12913),(7674,1.12913),(7675,1.12913),(7676,1.12913),(7677,1.12913),(7678,1.12913),(7679,1.12913),(7680,1.12913),(7681,1.12913),(7682,1.12913),(7683,1.12913),(7684,1.12913),(7685,1.12913),(7686,1.12913),(7687,1.12913),(7688,1.12913),(7689,1.12913),(7690,1.12913),(7691,1.12913),(7692,1.12913),(7693,1.12913),(7694,1.12913),(7695,1.12913),(7696,1.12913),(7697,1.12913),(7698,1.12913),(7699,1.12913),(7700,1.12913),(7701,1.12913),(7702,1.12913),(7703,1.12913),(7704,1.12913),(7705,1.12913),(7706,1.12913),(7707,1.12913),(7708,1.12913),(7709,1.12913),(7710,1.12913),(7711,1.12913),(7712,1.12913),(7713,1.12913),(7714,1.12913),(7715,1.12913),(7716,1.12913),(7717,1.12913),(7718,1.12913),(7719,1.12913),(7720,1.12913),(7721,1.12913),(7722,1.12913),(7723,1.12913),(7724,1.12913),(7725,1.12913),(7726,1.12913),(7727,1.12913),(7728,1.12913),(7729,1.12913),(7730,1.12913),(7731,1.12913),(7732,1.12913),(7733,1.12913),(7734,1.12913),(7735,1.12913),(7736,1.12913),(7737,1.12913),(7738,1.12913),(7739,1.12913),(7740,1.12913),(7741,1.12913),(7742,1.12913),(7743,1.12913),(7744,1.12913),(7745,1.12913),(7746,1.12913),(7747,1.12913),(7748,1.12913),(7749,1.12913),(7750,1.12913),(7751,1.12913),(7752,1.12913),(7753,1.12913),(7754,1.12913),(7755,1.12913),(7756,1.12913),(7757,1.12913),(7758,1.12913),(7759,1.12913),(7760,1.12913),(7761,1.12913),(7762,1.12913),(7763,1.12913),(7764,1.12913),(7765,1.12913),(7766,1.12913),(7767,1.12913),(7768,1.12913),(7769,1.12801),(7770,1.12801),(7771,1.12801),(7772,1.12801),(7773,1.12801),(7774,1.12801),(7775,1.12801),(7776,1.12801),(7777,1.12801),(7778,1.12801),(7779,1.12801),(7780,1.12801),(7781,1.12801),(7782,1.12801),(7783,1.12801),(7784,1.12801),(7785,1.12801),(7786,1.12801),(7787,1.12801),(7788,1.12801),(7789,1.12801),(7790,1.12801),(7791,1.12801),(7792,1.12801),(7793,1.12801),(7794,1.12801),(7795,1.12801),(7796,1.12801),(7797,1.12801),(7798,1.12801),(7799,1.12801),(7800,1.12801),(7801,1.12801),(7802,1.12801),(7803,1.12801),(7804,1.12801),(7805,1.12801),(7806,1.12801),(7807,1.12801),(7808,1.12801),(7809,1.12801),(7810,1.12801),(7811,0.924783),(7812,0.924783),(7813,0.924783),(7814,0.924783),(7815,0.924783),(7816,0.924783),(7817,0.924783),(7818,0.924783),(7819,0.924783),(7820,0.924783),(7821,0.924783),(7822,0.924783),(7823,0.924783),(7824,0.924783),(7825,0.924783),(7826,0.924783),(7827,0.924783),(7828,0.924783),(7829,0.924783),(7830,0.924783),(7831,0.924783),(7832,0.924783),(7833,0.924783),(7834,0.924783),(7835,0.924783),(7836,0.924783),(7837,0.924783),(7838,0.924783),(7839,0.924783),(7840,0.924783),(7841,0.924783),(7842,0.924783),(7843,0.924783),(7844,0.924783),(7845,0.924783),(7846,0.924783),(7847,0.924783),(7848,0.924783),(7849,0.924783),(7850,0.924783),(7851,0.924783),(7852,0.924783),(7853,0.925235),(7854,0.925235),(7855,0.925235),(7856,0.925235),(7857,0.925235),(7858,0.925235),(7859,0.925235),(7860,0.925235),(7861,0.925235),(7862,0.925235),(7863,0.925235),(7864,0.925235),(7865,0.925235),(7866,0.925235),(7867,0.925235),(7868,0.925235),(7869,0.925235),(7870,0.925235),(7871,0.925235),(7872,0.925235),(7873,0.925235),(7874,0.925235),(7875,0.925235),(7876,0.925235),(7877,0.925235),(7878,0.925235),(7879,0.925235),(7880,0.925235),(7881,0.925235),(7882,0.925235),(7883,0.925235),(7884,0.925235),(7885,0.925235),(7886,0.925235),(7887,0.925235),(7888,0.925235),(7889,0.925235),(7890,0.925235),(7891,0.925235),(7892,0.925235),(7893,0.925235),(7894,0.925235),(7895,0.992977),(7896,0.992977),(7897,0.992977),(7898,0.992977),(7899,0.887065),(7900,0.887065),(7901,0.887065),(7902,0.887065),(7903,0.887065),(7904,0.887065),(7905,0.887065),(7906,0.887065),(7907,0.887065),(7908,0.887065),(7909,0.887065),(7910,0.887065),(7911,0.887065),(7912,0.887065),(7913,0.887065),(7914,0.887065),(7915,0.887065),(7916,0.887065),(7917,0.887065),(7918,0.887065),(7919,0.887065),(7920,0.887065),(7921,0.887065),(7922,0.887065),(7923,0.887065),(7924,0.887065),(7925,0.887065),(7926,0.887065),(7927,0.887065),(7928,0.887065),(7929,0.887065),(7930,0.887065),(7931,0.887065),(7932,0.887065),(7933,0.887065),(7934,0.887065),(7935,0.887065),(7936,0.887065),(7937,0.887065),(7938,0.887065),(7939,0.887065),(7940,0.887065),(7941,1.15423),(7942,1.15423),(7943,1.15423),(7944,1.15423),(7945,1.15423),(7946,1.15423),(7947,1.15423),(7948,1.15423),(7949,1.15423),(7950,1.15423),(7951,1.15423),(7952,1.15423),(7953,1.15423),(7954,1.15423),(7955,1.15423),(7956,1.15423),(7957,1.15423),(7958,1.15423),(7959,1.15423),(7960,1.15423),(7961,1.15423),(7962,1.15423),(7963,1.15423),(7964,1.15423),(7965,1.15423),(7966,1.15423),(7967,1.15423),(7968,1.15423),(7969,1.15423),(7970,1.15423),(7971,1.15423),(7972,1.15423),(7973,1.15423),(7974,1.15423),(7975,1.15423),(7976,1.15423),(7977,1.15423),(7978,1.15423),(7979,1.15423),(7980,1.15423),(7981,1.15423),(7982,1.15423),(7983,0.99433),(7984,0.99433),(7985,0.99433),(7986,0.99433),(7987,0.99433),(7988,0.99433),(7989,0.99433),(7990,0.99433),(7991,0.99433),(7992,0.99433),(7993,0.99433),(7994,0.99433),(7995,0.99433),(7996,0.99433),(7997,0.9943),(7998,0.9943),(7999,0.99433),(8000,0.99433),(8001,0.99433),(8002,0.99433),(8003,0.99433),(8004,0.99433),(8005,0.99433),(8006,0.99433),(8007,0.99433),(8008,0.99433);
/*!40000 ALTER TABLE `description` ENABLE KEYS */;
UNLOCK TABLES;

--
-- Table structure for table `event`
--

DROP TABLE IF EXISTS `event`;
/*!40101 SET @saved_cs_client     = @@character_set_client */;
/*!50503 SET character_set_client = utf8mb4 */;
CREATE TABLE `event` (
  `ID` int NOT NULL AUTO_INCREMENT,
  `Timestamp` varchar(45) NOT NULL,
  `LifeCycleStage` varchar(45) NOT NULL,
  `ActInst` int NOT NULL,
  `CaseID` int NOT NULL,
  PRIMARY KEY (`ID`),
  KEY `Case_idx` (`CaseID`),
  KEY `actinst_fk_idx` (`ActInst`),
  CONSTRAINT `actinst_fk` FOREIGN KEY (`ActInst`) REFERENCES `activityinstance` (`ID`),
  CONSTRAINT `Case` FOREIGN KEY (`CaseID`) REFERENCES `processinstance` (`CaseID`)
) ENGINE=InnoDB AUTO_INCREMENT=203638 DEFAULT CHARSET=utf8mb4 COLLATE=utf8mb4_0900_ai_ci;
/*!40101 SET character_set_client = @saved_cs_client */;

--
-- Dumping data for table `event`
--

LOCK TABLES `event` WRITE;
/*!40000 ALTER TABLE `event` DISABLE KEYS */;
INSERT INTO `event` VALUES (203134,'1647435463.840214044','start',202636,0),(203135,'1647435463.840370308','end',202636,0),(203136,'1647435463.841171349','start',202637,0),(203137,'1647435463.841258342','end',202637,0),(203138,'1647435463.841267609','start',202638,0),(203139,'1647435463.841275592','end',202638,0),(203140,'1647435463.841282707','start',202639,0),(203141,'1647435463.841288987','end',202639,0),(203142,'1647435463.842237666','start',202640,0),(203143,'1647435463.842690148','end',202640,0),(203144,'1647435464.832421951','start',202641,1),(203145,'1647435464.832456593','end',202641,1),(203146,'1647435464.835806167','start',202642,1),(203147,'1647435464.835835027','end',202642,1),(203148,'1647435464.835844101','start',202643,1),(203149,'1647435464.835852027','end',202643,1),(203150,'1647435464.835859208','start',202644,1),(203151,'1647435464.835865673','end',202644,1),(203152,'1647435464.836687389','start',202645,1),(203153,'1647435464.836936066','end',202645,1),(203154,'1647435465.835049082','start',202646,2),(203155,'1647435465.835084170','end',202646,2),(203156,'1647435465.860810795','start',202647,2),(203157,'1647435465.860843162','end',202647,2),(203158,'1647435465.860852081','start',202648,2),(203159,'1647435465.860859767','end',202648,2),(203160,'1647435465.860867421','start',202649,2),(203161,'1647435465.860873763','end',202649,2),(203162,'1647435465.864080263','start',202650,2),(203163,'1647435465.864112315','end',202650,2),(203164,'1647435466.831416822','start',202651,3),(203165,'1647435466.831436950','end',202651,3),(203166,'1647435466.832032801','start',202652,3),(203167,'1647435466.832046938','end',202652,3),(203168,'1647435466.832051531','start',202653,3),(203169,'1647435466.832056127','end',202653,3),(203170,'1647435466.832060469','start',202654,3),(203171,'1647435466.832064454','end',202654,3),(203172,'1647435466.832649354','start',202655,3),(203173,'1647435466.832666431','end',202655,3),(203174,'1647435466.834318553','start',202656,4),(203175,'1647435466.834382904','end',202656,4),(203176,'1647435466.834388643','start',202657,4),(203177,'1647435466.834393595','end',202657,4),(203178,'1647435467.832508910','start',202658,4),(203179,'1647435467.832543097','end',202658,4),(203180,'1647435467.836686897','start',202659,4),(203181,'1647435467.836716965','end',202659,4),(203182,'1647435467.836725193','start',202660,4),(203183,'1647435467.836732597','end',202660,4),(203184,'1647435467.836739639','start',202661,4),(203185,'1647435467.836745996','end',202661,4),(203186,'1647435467.838320135','start',202662,4),(203187,'1647435467.838606798','end',202662,4),(203188,'1647435468.834006291','start',202663,5),(203189,'1647435468.834042516','end',202663,5),(203190,'1647435468.835319417','start',202664,5),(203191,'1647435468.835348025','end',202664,5),(203192,'1647435468.835357300','start',202665,5),(203193,'1647435468.835365394','end',202665,5),(203194,'1647435468.835372277','start',202666,5),(203195,'1647435468.835378892','end',202666,5),(203196,'1647435468.837262443','start',202667,5),(203197,'1647435468.837725877','end',202667,5),(203198,'1647435469.836849456','start',202668,6),(203199,'1647435469.836884591','end',202668,6),(203200,'1647435469.852870115','start',202669,6),(203201,'1647435469.852905094','end',202669,6),(203202,'1647435469.852974471','start',202670,6),(203203,'1647435469.852987434','end',202670,6),(203204,'1647435469.852994953','start',202671,6),(203205,'1647435469.853012344','end',202671,6),(203206,'1647435469.858860693','start',202672,6),(203207,'1647435469.859171453','end',202672,6),(203208,'1647435470.832372465','start',202673,7),(203209,'1647435470.832408532','end',202673,7),(203210,'1647435470.834245979','start',202674,7),(203211,'1647435470.834274911','end',202674,7),(203212,'1647435470.834283651','start',202675,7),(203213,'1647435470.834291487','end',202675,7),(203214,'1647435470.834298542','start',202676,7),(203215,'1647435470.834305085','end',202676,7),(203216,'1647435470.835234093','start',202677,7),(203217,'1647435470.835535464','end',202677,7),(203218,'1647435470.839068499','start',202678,8),(203219,'1647435470.839096552','end',202678,8),(203220,'1647435470.839104878','start',202679,8),(203221,'1647435470.839112660','end',202679,8),(203222,'1647435471.831977379','start',202680,8),(203223,'1647435471.832000648','end',202680,8),(203224,'1647435471.835123933','start',202681,8),(203225,'1647435471.835141962','end',202681,8),(203226,'1647435471.835147101','start',202682,8),(203227,'1647435471.835151865','end',202682,8),(203228,'1647435471.835156009','start',202683,8),(203229,'1647435471.835159840','end',202683,8),(203230,'1647435471.835258713','start',202684,8),(203231,'1647435471.835455726','end',202684,8),(203232,'1647435472.833382638','start',202685,9),(203233,'1647435472.837012705','end',202685,9),(203234,'1647435472.837458988','start',202686,9),(203235,'1647435472.837484948','end',202686,9),(203236,'1647435472.837493059','start',202687,9),(203237,'1647435472.837500752','end',202687,9),(203238,'1647435472.837507789','start',202688,9),(203239,'1647435472.837514044','end',202688,9),(203240,'1647435472.838977062','start',202689,9),(203241,'1647435472.839250593','end',202689,9),(203242,'1647435473.832021601','start',202690,10),(203243,'1647435473.832046667','end',202690,10),(203244,'1647435473.832052488','start',202691,10),(203245,'1647435473.832057521','end',202691,10),(203246,'1647435473.842167640','start',202692,10),(203247,'1647435473.842187613','end',202692,10),(203248,'1647435473.842651885','start',202693,10),(203249,'1647435473.842670568','end',202693,10),(203250,'1647435473.842676078','start',202694,10),(203251,'1647435473.842681295','end',202694,10),(203252,'1647435473.842685923','start',202695,10),(203253,'1647435473.842690176','end',202695,10),(203254,'1647435473.843240063','start',202696,10),(203255,'1647435473.843435301','end',202696,10),(203256,'1647435474.837420236','start',202697,11),(203257,'1647435474.837451240','end',202697,11),(203258,'1647435474.838422199','start',202698,11),(203259,'1647435474.838452093','end',202698,11),(203260,'1647435474.838461390','start',202699,11),(203261,'1647435474.838469406','end',202699,11),(203262,'1647435474.838476424','start',202700,11),(203263,'1647435474.838482848','end',202700,11),(203264,'1647435474.839141127','start',202701,11),(203265,'1647435474.840093948','end',202701,11),(203266,'1647435475.833623923','start',202702,12),(203267,'1647435475.833656993','end',202702,12),(203268,'1647435475.834404042','start',202703,12),(203269,'1647435475.834419161','end',202703,12),(203270,'1647435475.835564850','start',202704,12),(203271,'1647435475.835594162','end',202704,12),(203272,'1647435475.836215046','start',202705,12),(203273,'1647435475.836303427','end',202705,12),(203274,'1647435475.836319242','start',202706,12),(203275,'1647435475.836327244','end',202706,12),(203276,'1647435475.836334100','start',202707,12),(203277,'1647435475.836340482','end',202707,12),(203278,'1647435475.837047446','start',202708,12),(203279,'1647435475.837354832','end',202708,12),(203280,'1647435476.832266802','start',202709,13),(203281,'1647435476.832287607','end',202709,13),(203282,'1647435476.833481431','start',202710,13),(203283,'1647435476.833496918','end',202710,13),(203284,'1647435476.833501298','start',202711,13),(203285,'1647435476.833505192','end',202711,13),(203286,'1647435476.833508668','start',202712,13),(203287,'1647435476.833512018','end',202712,13),(203288,'1647435476.834127211','start',202713,13),(203289,'1647435476.834278517','end',202713,13),(203290,'1647435477.831940588','start',202714,14),(203291,'1647435477.831962753','end',202714,14),(203292,'1647435477.832409158','start',202715,14),(203293,'1647435477.833143093','end',202715,14),(203294,'1647435477.833153492','start',202716,14),(203295,'1647435477.833159320','end',202716,14),(203296,'1647435477.833163847','start',202717,14),(203297,'1647435477.833168088','end',202717,14),(203298,'1647435477.834501297','start',202718,14),(203299,'1647435477.834524278','end',202718,14),(203300,'1647435478.832648136','start',202719,15),(203301,'1647435478.832668686','end',202719,15),(203302,'1647435478.832680161','start',202720,15),(203303,'1647435478.832696210','end',202720,15),(203304,'1647435478.832700827','start',202721,15),(203305,'1647435478.832705047','end',202721,15),(203306,'1647435478.834013960','start',202722,15),(203307,'1647435478.834018466','end',202722,15),(203308,'1647435478.834434050','start',202723,15),(203309,'1647435478.834594163','end',202723,15),(203310,'1647435478.835149406','start',202724,16),(203311,'1647435478.835164265','end',202724,16),(203312,'1647435478.835168846','start',202725,16),(203313,'1647435478.835173099','end',202725,16),(203314,'1647435479.832405638','start',202726,16),(203315,'1647435479.832428583','end',202726,16),(203316,'1647435479.832901682','start',202727,16),(203317,'1647435479.832916509','end',202727,16),(203318,'1647435479.832921713','start',202728,16),(203319,'1647435479.832926733','end',202728,16),(203320,'1647435479.832930829','start',202729,16),(203321,'1647435479.832934803','end',202729,16),(203322,'1647435479.833189820','start',202730,16),(203323,'1647435479.833368682','end',202730,16),(203324,'1647435480.832395264','start',202731,17),(203325,'1647435480.832429992','end',202731,17),(203326,'1647435480.834173127','start',202732,17),(203327,'1647435480.834202349','end',202732,17),(203328,'1647435480.834211025','start',202733,17),(203329,'1647435480.834218974','end',202733,17),(203330,'1647435480.834225627','start',202734,17),(203331,'1647435480.834232393','end',202734,17),(203332,'1647435480.834905133','start',202735,17),(203333,'1647435480.835155657','end',202735,17),(203334,'1647435481.877494216','start',202736,18),(203335,'1647435481.877512784','end',202736,18),(203336,'1647435481.879807023','start',202737,18),(203337,'1647435481.879820936','end',202737,18),(203338,'1647435481.879825106','start',202738,18),(203339,'1647435481.879829012','end',202738,18),(203340,'1647435481.879832046','start',202739,18),(203341,'1647435481.879834898','end',202739,18),(203342,'1647435481.882377955','start',202740,18),(203343,'1647435481.882918580','end',202740,18),(203344,'1647435481.884314455','start',202741,19),(203345,'1647435481.884327277','end',202741,19),(203346,'1647435481.884330957','start',202742,19),(203347,'1647435481.884334305','end',202742,19),(203348,'1647435482.831865080','start',202743,19),(203349,'1647435482.831900451','end',202743,19),(203350,'1647435482.831908842','start',202744,19),(203351,'1647435482.831916488','end',202744,19),(203352,'1647435482.834827879','start',202745,19),(203353,'1647435482.834858424','end',202745,19),(203354,'1647435482.835739811','start',202746,19),(203355,'1647435482.835768661','end',202746,19),(203356,'1647435482.835777269','start',202747,19),(203357,'1647435482.835784938','end',202747,19),(203358,'1647435482.835791774','start',202748,19),(203359,'1647435482.835798352','end',202748,19),(203360,'1647435482.836369524','start',202749,19),(203361,'1647435482.836708565','end',202749,19),(203362,'1647435483.832325812','start',202750,20),(203363,'1647435483.832350728','end',202750,20),(203364,'1647435483.832355990','start',202751,20),(203365,'1647435483.832360651','end',202751,20),(203366,'1647435483.834721756','start',202752,20),(203367,'1647435483.834745135','end',202752,20),(203368,'1647435483.835615643','start',202753,20),(203369,'1647435483.835638307','end',202753,20),(203370,'1647435483.835644506','start',202754,20),(203371,'1647435483.835649507','end',202754,20),(203372,'1647435483.835653851','start',202755,20),(203373,'1647435483.835657819','end',202755,20),(203374,'1647435483.836187266','start',202756,20),(203375,'1647435483.836379191','end',202756,20),(203376,'1647435484.831683923','start',202757,21),(203377,'1647435484.831693622','end',202757,21),(203378,'1647435484.831695509','start',202758,21),(203379,'1647435484.831697257','end',202758,21),(203380,'1647435484.831929698','start',202759,21),(203381,'1647435484.831936969','end',202759,21),(203382,'1647435484.832353481','start',202760,21),(203383,'1647435484.832360391','end',202760,21),(203384,'1647435484.832362398','start',202761,21),(203385,'1647435484.832364254','end',202761,21),(203386,'1647435484.832365883','start',202762,21),(203387,'1647435484.832367382','end',202762,21),(203388,'1647435484.832770896','start',202763,21),(203389,'1647435484.832829966','end',202763,21),(203390,'1647435485.831984100','start',202764,22),(203391,'1647435485.832016367','end',202764,22),(203392,'1647435485.832079082','start',202765,22),(203393,'1647435485.832107077','end',202765,22),(203394,'1647435485.832115735','start',202766,22),(203395,'1647435485.832124011','end',202766,22),(203396,'1647435485.832130756','start',202767,22),(203397,'1647435485.832137094','end',202767,22),(203398,'1647435485.834299976','start',202768,22),(203399,'1647435485.835349919','end',202768,22),(203400,'1647435485.836136928','start',202769,23),(203401,'1647435485.836235561','end',202769,23),(203402,'1647435485.836244639','start',202770,23),(203403,'1647435485.836252240','end',202770,23),(203404,'1647435486.832155148','start',202771,23),(203405,'1647435486.832185088','end',202771,23),(203406,'1647435486.832193530','start',202772,23),(203407,'1647435486.832201113','end',202772,23),(203408,'1647435486.833248122','start',202773,23),(203409,'1647435486.833277998','end',202773,23),(203410,'1647435486.833339011','start',202774,23),(203411,'1647435486.833366049','end',202774,23),(203412,'1647435486.833374205','start',202775,23),(203413,'1647435486.833382085','end',202775,23),(203414,'1647435486.833389091','start',202776,23),(203415,'1647435486.833395509','end',202776,23),(203416,'1647435486.836067513','start',202777,23),(203417,'1647435486.836343703','end',202777,23),(203418,'1647435487.835265954','start',202778,24),(203419,'1647435487.835292028','end',202778,24),(203420,'1647435487.838339736','start',202779,24),(203421,'1647435487.838360761','end',202779,24),(203422,'1647435487.838366585','start',202780,24),(203423,'1647435487.838371906','end',202780,24),(203424,'1647435488.832477136','start',202781,25),(203425,'1647435488.832511768','end',202781,25),(203426,'1647435488.839665516','start',202782,25),(203427,'1647435488.839689716','end',202782,25),(203428,'1647435488.839697562','start',202783,25),(203429,'1647435488.839705609','end',202783,25),(203430,'1647435488.839712712','start',202784,25),(203431,'1647435488.839719310','end',202784,25),(203432,'1647435488.841112134','start',202785,25),(203433,'1647435488.853353059','end',202785,25),(203434,'1647435488.858976313','start',202786,26),(203435,'1647435488.859004642','end',202786,26),(203436,'1647435488.859013055','start',202787,26),(203437,'1647435488.859020596','end',202787,26),(203438,'1647435489.834942095','start',202788,26),(203439,'1647435489.834978282','end',202788,26),(203440,'1647435489.842823939','start',202789,26),(203441,'1647435489.842853329','end',202789,26),(203442,'1647435489.842861596','start',202790,26),(203443,'1647435489.842869279','end',202790,26),(203444,'1647435489.842876041','start',202791,26),(203445,'1647435489.842882663','end',202791,26),(203446,'1647435489.843939434','start',202792,26),(203447,'1647435489.844239884','end',202792,26),(203448,'1647435490.833160308','start',202793,27),(203449,'1647435490.833193264','end',202793,27),(203450,'1647435490.839579457','start',202794,27),(203451,'1647435490.839609382','end',202794,27),(203452,'1647435490.839617754','start',202795,27),(203453,'1647435490.839625649','end',202795,27),(203454,'1647435490.839632565','start',202796,27),(203455,'1647435490.839639251','end',202796,27),(203456,'1647435490.840273118','start',202797,27),(203457,'1647435490.840567775','end',202797,27),(203458,'1647435490.841401904','start',202798,28),(203459,'1647435490.841429286','end',202798,28),(203460,'1647435490.841437345','start',202799,28),(203461,'1647435490.841444745','end',202799,28),(203462,'1647435491.838839888','start',202800,28),(203463,'1647435491.838874615','end',202800,28),(203464,'1647435491.847025752','start',202801,28),(203465,'1647435491.847055590','end',202801,28),(203466,'1647435491.847064676','start',202802,28),(203467,'1647435491.847072767','end',202802,28),(203468,'1647435491.847079521','start',202803,28),(203469,'1647435491.847086149','end',202803,28),(203470,'1647435491.848159386','start',202804,28),(203471,'1647435491.848196707','end',202804,28),(203472,'1647435491.848994247','start',202805,29),(203473,'1647435491.849022172','end',202805,29),(203474,'1647435491.849030963','start',202806,29),(203475,'1647435491.849038385','end',202806,29),(203476,'1647435492.831579638','start',202807,29),(203477,'1647435492.831600035','end',202807,29),(203478,'1647435492.835107065','start',202808,29),(203479,'1647435492.835129693','end',202808,29),(203480,'1647435492.835135024','start',202809,29),(203481,'1647435492.835140072','end',202809,29),(203482,'1647435492.835144371','start',202810,29),(203483,'1647435492.835148395','end',202810,29),(203484,'1647435492.835680005','start',202811,29),(203485,'1647435492.835852125','end',202811,29),(203486,'1647435493.832468231','start',202812,30),(203487,'1647435493.832479748','end',202812,30),(203488,'1647435493.832448231','start',202813,30),(203489,'1647435493.832457688','end',202813,30),(203490,'1647435493.832460372','start',202814,30),(203491,'1647435493.832462813','end',202814,30),(203492,'1647435493.832464926','start',202815,30),(203493,'1647435493.832467095','end',202815,30),(203494,'1647435493.832688687','start',202816,30),(203495,'1647435493.832837854','end',202816,30),(203496,'1647435494.831760358','start',202817,31),(203497,'1647435494.831795847','end',202817,31),(203498,'1647435494.832224140','start',202818,31),(203499,'1647435494.832251548','end',202818,31),(203500,'1647435494.832260628','start',202819,31),(203501,'1647435494.832269121','end',202819,31),(203502,'1647435494.832275999','start',202820,31),(203503,'1647435494.832282509','end',202820,31),(203504,'1647435494.840634128','start',202821,31),(203505,'1647435494.843021159','end',202821,31),(203506,'1647435494.844307913','start',202822,32),(203507,'1647435494.844327696','end',202822,32),(203508,'1647435494.844333335','start',202823,32),(203509,'1647435494.844338252','end',202823,32),(203510,'1647435495.850380486','start',202824,32),(203511,'1647435495.850413814','end',202824,32),(203512,'1647435495.851372360','start',202825,32),(203513,'1647435495.851401419','end',202825,32),(203514,'1647435495.851410485','start',202826,32),(203515,'1647435495.851418453','end',202826,32),(203516,'1647435495.851425362','start',202827,32),(203517,'1647435495.851432096','end',202827,32),(203518,'1647435495.855657817','start',202828,32),(203519,'1647435495.855686789','end',202828,32),(203520,'1647435496.832365393','start',202829,33),(203521,'1647435496.832398323','end',202829,33),(203522,'1647435496.832407425','start',202830,33),(203523,'1647435496.832415093','end',202830,33),(203524,'1647435496.837665462','start',202831,33),(203525,'1647435496.837695752','end',202831,33),(203526,'1647435496.840334421','start',202832,33),(203527,'1647435496.840362618','end',202832,33),(203528,'1647435496.840371086','start',202833,33),(203529,'1647435496.840378880','end',202833,33),(203530,'1647435496.840385674','start',202834,33),(203531,'1647435496.840392105','end',202834,33),(203532,'1647435496.841483997','start',202835,33),(203533,'1647435496.841513389','end',202835,33),(203534,'1647435497.834564499','start',202836,34),(203535,'1647435497.834594971','end',202836,34),(203536,'1647435497.839187111','start',202837,34),(203537,'1647435497.839216569','end',202837,34),(203538,'1647435497.839226240','start',202838,34),(203539,'1647435497.839234184','end',202838,34),(203540,'1647435497.839240791','start',202839,34),(203541,'1647435497.839247483','end',202839,34),(203542,'1647435497.840185708','start',202840,34),(203543,'1647435497.840480475','end',202840,34),(203544,'1647435498.874759908','start',202841,35),(203545,'1647435498.874802612','end',202841,35),(203546,'1647435498.892426801','start',202842,35),(203547,'1647435498.892455678','end',202842,35),(203548,'1647435498.892464181','start',202843,35),(203549,'1647435498.892472141','end',202843,35),(203550,'1647435498.892479158','start',202844,35),(203551,'1647435498.892485776','end',202844,35),(203552,'1647435498.908738046','start',202845,35),(203553,'1647435498.909047499','end',202845,35),(203554,'1647435499.845081892','start',202846,36),(203555,'1647435499.845116716','end',202846,36),(203556,'1647435499.845125286','start',202847,36),(203557,'1647435499.845133098','end',202847,36),(203558,'1647435499.852998069','start',202848,36),(203559,'1647435499.853030537','end',202848,36),(203560,'1647435499.881062289','start',202849,36),(203561,'1647435499.881091939','end',202849,36),(203562,'1647435499.881101483','start',202850,36),(203563,'1647435499.881109573','end',202850,36),(203564,'1647435499.881116282','start',202851,36),(203565,'1647435499.881122612','end',202851,36),(203566,'1647435499.890445766','start',202852,36),(203567,'1647435499.890616411','end',202852,36),(203568,'1647435500.842488000','start',202853,37),(203569,'1647435500.842524015','end',202853,37),(203570,'1647435500.844019789','start',202854,37),(203571,'1647435500.844047831','end',202854,37),(203572,'1647435500.844056251','start',202855,37),(203573,'1647435500.844063963','end',202855,37),(203574,'1647435500.844070795','start',202856,37),(203575,'1647435500.844077085','end',202856,37),(203576,'1647435500.845611653','start',202857,37),(203577,'1647435500.846661352','end',202857,37),(203578,'1647435501.832390132','start',202858,38),(203579,'1647435501.832426496','end',202858,38),(203580,'1647435501.839839191','start',202859,38),(203581,'1647435501.839867338','end',202859,38),(203582,'1647435501.839875854','start',202860,38),(203583,'1647435501.839883525','end',202860,38),(203584,'1647435501.839890507','start',202861,38),(203585,'1647435501.839896845','end',202861,38),(203586,'1647435501.840488642','start',202862,38),(203587,'1647435501.840783549','end',202862,38),(203588,'1647435501.841172787','start',202863,39),(203589,'1647435501.841919204','end',202863,39),(203590,'1647435501.841929081','start',202864,39),(203591,'1647435501.841936799','end',202864,39),(203592,'1647435502.835712854','start',202865,39),(203593,'1647435502.835747875','end',202865,39),(203594,'1647435502.835756322','start',202866,39),(203595,'1647435502.835763568','end',202866,39),(203596,'1647435502.836046053','start',202867,39),(203597,'1647435502.836075161','end',202867,39),(203598,'1647435502.836968885','start',202868,39),(203599,'1647435502.836997150','end',202868,39),(203600,'1647435502.837006491','start',202869,39),(203601,'1647435502.837014414','end',202869,39),(203602,'1647435502.837021182','start',202870,39),(203603,'1647435502.837027875','end',202870,39),(203604,'1647435502.838590391','start',202871,39),(203605,'1647435502.838909045','end',202871,39),(203606,'1647435503.832046232','start',202872,40),(203607,'1647435503.832083648','end',202872,40),(203608,'1647435503.836469660','start',202873,40),(203609,'1647435503.836497053','end',202873,40),(203610,'1647435503.836505526','start',202874,40),(203611,'1647435503.836513202','end',202874,40),(203612,'1647435503.836520260','start',202875,40),(203613,'1647435503.836537437','end',202875,40),(203614,'1647435503.848443397','start',202876,40),(203615,'1647435503.855336878','end',202876,40),(203616,'1647435504.832550733','start',202877,41),(203617,'1647435504.832587007','end',202877,41),(203618,'1647435504.837176837','start',202878,41),(203619,'1647435504.837208727','end',202878,41),(203620,'1647435504.837217660','start',202879,41),(203621,'1647435504.837225330','end',202879,41),(203622,'1647435504.837232229','start',202880,41),(203623,'1647435504.837238653','end',202880,41),(203624,'1647435504.839227821','start',202881,41),(203625,'1647435504.839257116','end',202881,41),(203626,'1647435504.842634858','start',202882,42),(203627,'1647435504.842661882','end',202882,42),(203628,'1647435505.864579659','start',202883,42),(203629,'1647435505.864617325','end',202883,42),(203630,'1647435505.889028262','start',202884,42),(203631,'1647435505.889048683','end',202884,42),(203632,'1647435505.889055097','start',202885,42),(203633,'1647435505.889060146','end',202885,42),(203634,'1647435505.889064584','start',202886,42),(203635,'1647435505.889068736','end',202886,42),(203636,'1647435505.889552855','start',202887,42),(203637,'1647435505.890166158','end',202887,42);
/*!40000 ALTER TABLE `event` ENABLE KEYS */;
UNLOCK TABLES;

--
-- Table structure for table `process`
--

DROP TABLE IF EXISTS `process`;
/*!40101 SET @saved_cs_client     = @@character_set_client */;
/*!50503 SET character_set_client = utf8mb4 */;
CREATE TABLE `process` (
  `Name` varchar(45) NOT NULL,
  PRIMARY KEY (`Name`)
) ENGINE=InnoDB DEFAULT CHARSET=utf8mb4 COLLATE=utf8mb4_0900_ai_ci;
/*!40101 SET character_set_client = @saved_cs_client */;

--
-- Dumping data for table `process`
--

LOCK TABLES `process` WRITE;
/*!40000 ALTER TABLE `process` DISABLE KEYS */;
INSERT INTO `process` VALUES ('sensor_controlflow');
/*!40000 ALTER TABLE `process` ENABLE KEYS */;
UNLOCK TABLES;

--
-- Table structure for table `processinstance`
--

DROP TABLE IF EXISTS `processinstance`;
/*!40101 SET @saved_cs_client     = @@character_set_client */;
/*!50503 SET character_set_client = utf8mb4 */;
CREATE TABLE `processinstance` (
  `CaseID` int NOT NULL,
  `ProcessModel` varchar(45) NOT NULL,
  PRIMARY KEY (`CaseID`),
  KEY `ProcessModel_idx` (`ProcessModel`),
  CONSTRAINT `ProcessModel` FOREIGN KEY (`ProcessModel`) REFERENCES `process` (`Name`)
) ENGINE=InnoDB DEFAULT CHARSET=utf8mb4 COLLATE=utf8mb4_0900_ai_ci;
/*!40101 SET character_set_client = @saved_cs_client */;

--
-- Dumping data for table `processinstance`
--

LOCK TABLES `processinstance` WRITE;
/*!40000 ALTER TABLE `processinstance` DISABLE KEYS */;
INSERT INTO `processinstance` VALUES (0,'sensor_controlflow'),(1,'sensor_controlflow'),(2,'sensor_controlflow'),(3,'sensor_controlflow'),(4,'sensor_controlflow'),(5,'sensor_controlflow'),(6,'sensor_controlflow'),(7,'sensor_controlflow'),(8,'sensor_controlflow'),(9,'sensor_controlflow'),(10,'sensor_controlflow'),(11,'sensor_controlflow'),(12,'sensor_controlflow'),(13,'sensor_controlflow'),(14,'sensor_controlflow'),(15,'sensor_controlflow'),(16,'sensor_controlflow'),(17,'sensor_controlflow'),(18,'sensor_controlflow'),(19,'sensor_controlflow'),(20,'sensor_controlflow'),(21,'sensor_controlflow'),(22,'sensor_controlflow'),(23,'sensor_controlflow'),(24,'sensor_controlflow'),(25,'sensor_controlflow'),(26,'sensor_controlflow'),(27,'sensor_controlflow'),(28,'sensor_controlflow'),(29,'sensor_controlflow'),(30,'sensor_controlflow'),(31,'sensor_controlflow'),(32,'sensor_controlflow'),(33,'sensor_controlflow'),(34,'sensor_controlflow'),(35,'sensor_controlflow'),(36,'sensor_controlflow'),(37,'sensor_controlflow'),(38,'sensor_controlflow'),(39,'sensor_controlflow'),(40,'sensor_controlflow'),(41,'sensor_controlflow'),(42,'sensor_controlflow');
/*!40000 ALTER TABLE `processinstance` ENABLE KEYS */;
UNLOCK TABLES;
/*!40103 SET TIME_ZONE=@OLD_TIME_ZONE */;

/*!40101 SET SQL_MODE=@OLD_SQL_MODE */;
/*!40014 SET FOREIGN_KEY_CHECKS=@OLD_FOREIGN_KEY_CHECKS */;
/*!40014 SET UNIQUE_CHECKS=@OLD_UNIQUE_CHECKS */;
/*!40101 SET CHARACTER_SET_CLIENT=@OLD_CHARACTER_SET_CLIENT */;
/*!40101 SET CHARACTER_SET_RESULTS=@OLD_CHARACTER_SET_RESULTS */;
/*!40101 SET COLLATION_CONNECTION=@OLD_COLLATION_CONNECTION */;
/*!40111 SET SQL_NOTES=@OLD_SQL_NOTES */;

-- Dump completed on 2022-03-25 22:07:59
